{"frameRate":24,"name":"MushBack","version":"5.5","compatibleVersion":"5.5","armature":[{"type":"Armature","frameRate":24,"name":"Armature","aabb":{"x":-16.91,"y":-140.7,"width":52,"height":83},"bone":[{"name":"root"},{"length":7,"name":"沭栳_玎漤栝","parent":"root","transform":{"x":1.05,"y":-75.05,"skX":-56.3099,"skY":-56.3099}},{"length":9,"name":"沭栳_玎漤栝1","parent":"沭栳_玎漤栝","transform":{"x":7.5717,"skX":-7.5285,"skY":-7.5285}},{"length":24,"name":"沭栳_玎漤栝2","parent":"沭栳_玎漤栝1","transform":{"x":9.7715,"y":0.0465,"skX":-8.1742,"skY":-8.1742}},{"length":21,"name":"沭栳_玎漤栝3","parent":"沭栳_玎漤栝2","transform":{"x":24.5736,"y":-0.2508,"skX":-3.5666,"skY":-3.5666}}],"slot":[{"name":"沭栳_玎漤栝","parent":"沭栳_玎漤栝3"}],"skin":[{"slot":[{"name":"沭栳_玎漤栝","display":[{"type":"mesh","name":"location3/沭栳_玎漤栝","width":52,"height":83,"vertices":[-13.5,-79.15,-7.05,-86,-2.7,-93.5,-13.5,-104,-13.5,-114.7,-1.8,-127.8,14.95,-138.75,28.6,-138.75,38.5,-112.25,38.5,-87.9,29.65,-81.45,18.1,-84.05,14.95,-70.05,-3.9,-70.4],"uvs":[0,0.71807,0.12404,0.63554,0.20769,0.54518,0,0.41867,0,0.28976,0.225,0.13193,0.54712,0,0.80962,0,1,0.31928,1,0.61265,0.82981,0.69036,0.60769,0.65904,0.54712,0.82771,0.18462,0.82349],"triangles":[11,10,9,6,5,8,2,11,8,5,2,8,7,6,8,11,9,8,4,3,2,4,2,5,2,1,11,13,12,11,1,13,11,1,0,13],"weights":[1,1,1,2,1,0.54,2,0.46,2,2,0.58,3,0.42,2,3,0.57,2,0.43,1,3,1,2,3,0.48,4,0.52,1,4,1,1,4,1,2,4,0.55,3,0.45,1,3,1,2,3,0.82,2,0.18,2,2,0.45,3,0.55,2,1,0.74,2,0.26,1,1,1],"slotPose":[1,0,0,1,0,0],"bonePose":[1,0.5547,-0.83205,0.83205,0.5547,1.05,-75.05,2,0.440904,-0.897554,0.897554,0.440904,5.25,-81.35,3,0.308807,-0.951125,0.951125,0.308807,9.6,-90.1,4,0.249041,-0.968493,0.968493,0.249041,16.95,-113.55],"edges":[0,1,1,2,2,3,3,4,4,5,5,6,6,7,7,8,8,9,9,10,10,11,11,12,12,13,13,0],"userEdges":[]}]}]}],"animation":[{"duration":40,"playTimes":0,"name":"animtion0","bone":[{"name":"沭栳_玎漤栝","rotateFrame":[{"duration":20,"curve":[0.5,0,0.5,1],"rotate":4.65},{"duration":20,"curve":[0.5,0,0.5,1],"rotate":-4.39},{"duration":0,"rotate":4.65}]},{"name":"沭栳_玎漤栝1","rotateFrame":[{"duration":20,"curve":[0.5,0,0.5,1],"rotate":4.65},{"duration":20,"curve":[0.5,0,0.5,1],"rotate":-4.39},{"duration":0,"rotate":4.65}]},{"name":"沭栳_玎漤栝2","rotateFrame":[{"duration":6,"curve":[0.5,0,1,1],"rotate":1.94},{"duration":20,"curve":[0.5,0,0.5,1],"rotate":4.65},{"duration":14,"curve":[0,0,0.5,1],"rotate":-4.39},{"duration":0,"rotate":1.94}]},{"name":"沭栳_玎漤栝3","rotateFrame":[{"duration":6,"curve":[0.5,0,1,1],"rotate":1.94},{"duration":20,"curve":[0.5,0,0.5,1],"rotate":4.65},{"duration":14,"curve":[0,0,0.5,1],"rotate":-4.39},{"duration":0,"rotate":1.94}]}]}],"defaultActions":[{"gotoAndPlay":"animtion0"}]}]}