{"frameRate":24,"name":"MushSmall","version":"5.5","compatibleVersion":"5.5","armature":[{"type":"Armature","frameRate":24,"name":"Armature","aabb":{"x":3681.35,"y":381.76,"width":129,"height":198},"bone":[{"name":"root"},{"length":56,"name":"bone","parent":"root","transform":{"x":4013.15,"y":582.45,"skX":1.3157,"skY":1.3157}},{"length":46,"name":"沭栳","parent":"bone","transform":{"x":-250.9415,"y":-11.991,"skX":-95.1339,"skY":-95.1339}},{"length":46,"name":"沭栳1","parent":"沭栳","transform":{"x":46.5533,"skX":-1.6897,"skY":-1.6897}},{"length":39,"name":"沭栳2","parent":"沭栳1","transform":{"x":46.5199,"skX":-7.602,"skY":-7.602}},{"length":46,"name":"沭栳3","parent":"沭栳2","transform":{"x":39.6616,"y":0.0801,"skX":-8.7713,"skY":-8.7713}}],"slot":[{"name":"沭栳","parent":"沭栳3"}],"skin":[{"slot":[{"name":"沭栳","display":[{"type":"mesh","name":"location3/沭栳","width":129,"height":198,"vertices":[3737,574.3,3737.5,534.15,3732.35,490.45,3700.8,489.9,3686,481.8,3686,444.65,3709.45,420.25,3732.35,381,3758.35,381,3791.4,402.95,3814.9,439.05,3813.75,471.1,3776.65,484.35,3778.15,527.05,3777.65,579,3752.75,579],"uvs":[0.39535,0.97626,0.39922,0.77348,0.3593,0.55278,0.11473,0.55,0,0.50909,0,0.32146,0.18178,0.19823,0.3593,0,0.56085,0,0.81705,0.11086,0.99922,0.29318,0.99031,0.45505,0.70271,0.52197,0.71434,0.73763,0.71047,1,0.51744,1],"triangles":[12,11,10,9,12,10,6,2,12,13,15,14,6,12,9,8,6,9,7,6,8,1,15,13,12,2,13,2,1,13,1,0,15,6,5,2,5,3,2,5,4,3],"weights":[1,2,1,2,2,0.54,3,0.46,2,3,0.8,4,0.2,2,3,0.61,4,0.39,2,4,0.65,3,0.35,2,5,0.38,4,0.62,2,5,0.54,4,0.46,1,5,1,1,5,1,2,5,0.58,4,0.42,2,4,0.74,5,0.26,2,4,0.55,3,0.45,2,4,0.86,3,0.14,2,2,0.52,3,0.48,1,2,1,1,2,1],"slotPose":[1,0,0,1,0,0],"bonePose":[2,-0.06659,-0.99778,0.99778,-0.06659,3762.55,564.7,3,-0.054815,-0.998497,0.998497,-0.054815,3759.45,518.25,4,-0.145715,-0.989327,0.989327,-0.145715,3756.9,471.8,5,-0.255182,-0.966893,0.966893,-0.255182,3751.2,432.55],"edges":[0,1,1,2,2,3,3,4,4,5,5,6,6,7,7,8,8,9,9,10,10,11,11,12,12,13,13,14,14,15,15,0],"userEdges":[]}]}]}],"animation":[{"duration":40,"playTimes":0,"name":"animtion0","bone":[{"name":"沭栳","rotateFrame":[{"duration":20,"curve":[0.5,0,0.5,1],"rotate":0.56},{"duration":20,"curve":[0.5,0,0.5,1],"rotate":3.56},{"duration":0,"rotate":0.56}]},{"name":"沭栳1","rotateFrame":[{"duration":20,"curve":[0.5,0,0.5,1],"rotate":-7.21},{"duration":20,"curve":[0.5,0,0.5,1],"rotate":10.65},{"duration":0,"rotate":-7.21}]},{"name":"沭栳2","rotateFrame":[{"duration":20,"curve":[0.5,0,0.5,1],"rotate":-3.33},{"duration":20,"curve":[0.5,0,0.5,1],"rotate":10.25},{"duration":0,"rotate":-3.33}]},{"name":"沭栳3","rotateFrame":[{"duration":20,"curve":[0.5,0,0.5,1],"rotate":-2.62},{"duration":20,"curve":[0.5,0,0.5,1],"rotate":9.42},{"duration":0,"rotate":-2.62}]}]}],"defaultActions":[{"gotoAndPlay":"animtion0"}]}]}